Date,Team1,Score1,Wkt1,Team2,Score2,Wkt2,Toss Winner,Toss Decision,Winner
2005-02-17,New Zealand,202,5,Australia,202,10,Australia,bat,Australia
2005-06-13,England,173,8,Australia,173,10,England,bat,England
2005-10-21,South Africa,125,10,New Zealand,125,5,New Zealand,field,New Zealand
2006-01-09,Australia,194,3,South Africa,194,10,Australia,bat,Australia
2006-02-16,New Zealand,116,7,West Indies,116,8,New Zealand,field,NaN
2006-02-24,South Africa,184,4,Australia,184,7,South Africa,bat,South Africa
2006-06-15,England,151,10,Sri Lanka,151,5,Sri Lanka,bat,Sri Lanka
2006-08-28,England,133,7,Pakistan,133,5,England,bat,Pakistan
2006-12-01,South Africa,113,9,India,113,4,South Africa,bat,India
2006-12-22,New Zealand,150,8,Sri Lanka,150,1,New Zealand,bat,Sri Lanka
2006-12-26,New Zealand,103,10,Sri Lanka,103,5,New Zealand,field,New Zealand
2007-01-09,Australia,217,5,England,217,9,Australia,bat,Australia
2007-06-28,England,192,8,West Indies,192,7,West Indies,bat,West Indies
2007-06-29,England,162,7,West Indies,162,5,West Indies,bat,England
2007-09-01,Kenya,132,7,Bangladesh,132,5,Bangladesh,field,Bangladesh
2007-09-02,Bangladesh,188,7,Pakistan,188,7,Bangladesh,field,Pakistan
2007-09-04,Kenya,82,10,Pakistan,82,2,Kenya,bat,Pakistan
2007-09-11,South Africa,188,6,West Indies,188,2,South Africa,field,South Africa
2007-09-12,Kenya,65,10,New Zealand,65,1,New Zealand,field,New Zealand
2007-09-12,Australia,131,9,Zimbabwe,131,5,Australia,bat,Zimbabwe
2007-09-12,Pakistan,165,9,Scotland,165,10,Scotland,field,Pakistan
2007-09-13,Bangladesh,154,8,West Indies,154,4,Bangladesh,field,Bangladesh
2007-09-13,England,184,9,Zimbabwe,184,7,England,bat,England
2007-09-14,Australia,132,10,England,132,2,England,bat,Australia
2007-09-14,India,136,9,Pakistan,136,7,Pakistan,field,NaN
2007-09-14,Kenya,248,6,Sri Lanka,248,9,Kenya,field,Sri Lanka
2007-09-15,New Zealand,151,7,Sri Lanka,151,3,New Zealand,bat,Sri Lanka
2007-09-15,South Africa,130,10,Bangladesh,130,3,South Africa,field,South Africa
2007-09-16,South Africa,145,8,England,145,7,England,field,South Africa
2007-09-16,Australia,104,8,Bangladesh,104,1,Australia,field,Australia
2007-09-16,India,180,10,New Zealand,180,9,India,field,New Zealand
2007-09-17,Pakistan,180,6,Sri Lanka,180,9,Sri Lanka,field,Pakistan
2007-09-18,Australia,157,7,Pakistan,157,4,Pakistan,field,Pakistan
2007-09-18,England,157,9,New Zealand,157,8,England,field,New Zealand
2007-09-18,Bangladesh,137,5,Sri Lanka,137,10,Bangladesh,field,Sri Lanka
2007-09-19,England,200,4,India,200,6,India,bat,India
2007-09-19,South Africa,145,8,New Zealand,145,4,South Africa,field,South Africa
2007-09-20,Bangladesh,126,10,Pakistan,126,6,Pakistan,field,Pakistan
2007-09-20,Australia,97,10,Sri Lanka,97,0,Australia,field,Australia
2007-09-20,South Africa,140,5,India,140,9,India,bat,India
2007-09-22,Australia,181,5,India,181,7,India,bat,India
2007-09-22,New Zealand,137,8,Pakistan,137,4,New Zealand,bat,Pakistan
2007-09-24,India,151,5,Pakistan,151,10,India,bat,India
2007-10-20,India,157,5,Australia,157,3,Australia,bat,India
2007-11-23,South Africa,120,7,New Zealand,120,7,South Africa,field,South Africa
2007-12-11,Australia,182,6,New Zealand,182,10,Australia,bat,Australia
2007-12-16,South Africa,45,8,West Indies,45,5,West Indies,field,West Indies
2008-01-18,South Africa,102,7,West Indies,102,6,South Africa,field,South Africa
2008-02-01,Australia,71,10,India,71,1,India,bat,Australia
2008-02-05,New Zealand,182,8,England,182,10,New Zealand,field,England
2008-02-07,New Zealand,189,8,England,189,8,England,bat,England
2008-04-20,Pakistan,196,5,Bangladesh,196,10,Pakistan,bat,Pakistan
2008-06-13,England,121,9,New Zealand,121,1,England,field,England
2008-06-20,West Indies,92,3,Australia,92,3,West Indies,field,West Indies
2008-08-03,Bermuda,91,7,Scotland,91,2,Scotland,field,Scotland
2008-08-04,Netherlands,101,8,Scotland,101,5,Netherlands,field,Netherlands
2008-08-04,Ireland,55,10,Kenya,55,6,Ireland,field,Ireland
2008-10-11,Pakistan,124,9,Sri Lanka,124,7,Pakistan,field,Pakistan
2008-10-13,Pakistan,116,7,Sri Lanka,116,5,Sri Lanka,field,Sri Lanka
2008-11-05,South Africa,105,7,Bangladesh,105,8,Bangladesh,field,South Africa
2008-12-26,New Zealand,147,7,West Indies,147,8,New Zealand,bat,NaN
2008-12-28,New Zealand,170,9,West Indies,170,7,New Zealand,bat,New Zealand
2009-01-11,Australia,178,9,South Africa,178,10,Australia,bat,Australia
2009-01-13,Australia,146,5,South Africa,146,4,South Africa,bat,Australia
2009-02-10,Sri Lanka,154,4,India,154,7,Sri Lanka,bat,India
2009-02-15,Australia,147,7,New Zealand,147,5,Australia,bat,Australia
2009-02-25,New Zealand,156,8,India,156,3,New Zealand,field,New Zealand
2009-02-27,New Zealand,146,6,India,146,5,New Zealand,field,New Zealand
2009-03-15,West Indies,102,10,England,102,4,West Indies,field,West Indies
2009-03-27,South Africa,160,7,Australia,160,6,South Africa,field,South Africa
2009-03-29,South Africa,148,5,Australia,148,8,Australia,field,South Africa
2009-05-07,Australia,102,10,Pakistan,102,3,Pakistan,field,Pakistan
2009-06-05,England,152,5,Netherlands,152,6,Netherlands,field,Netherlands
2009-06-06,Australia,154,7,West Indies,154,3,Australia,bat,West Indies
2009-06-06,New Zealand,87,4,Scotland,87,3,New Zealand,field,New Zealand
2009-06-06,Bangladesh,175,5,India,175,8,India,bat,India
2009-06-07,England,175,5,Pakistan,175,7,Pakistan,field,England
2009-06-07,Scotland,207,5,South Africa,207,10,Scotland,field,South Africa
2009-06-08,Australia,154,9,Sri Lanka,154,4,Sri Lanka,field,Sri Lanka
2009-06-08,Bangladesh,130,8,Ireland,130,4,Ireland,field,Ireland
2009-06-09,Netherlands,172,5,Pakistan,172,10,Pakistan,bat,Pakistan
2009-06-09,New Zealand,122,7,South Africa,122,5,New Zealand,field,South Africa
2009-06-10,Sri Lanka,182,5,West Indies,182,5,West Indies,field,Sri Lanka
2009-06-10,India,104,8,Ireland,104,2,India,field,India
2009-06-11,Ireland,187,5,New Zealand,187,10,Ireland,field,New Zealand
2009-06-11,England,104,10,South Africa,104,3,England,bat,South Africa
2009-06-12,Pakistan,130,7,Sri Lanka,130,9,Sri Lanka,bat,Sri Lanka
2009-06-12,India,148,7,West Indies,148,3,India,bat,West Indies
2009-06-13,New Zealand,93,10,Pakistan,93,4,New Zealand,bat,Pakistan
2009-06-13,South Africa,180,7,West Indies,180,9,West Indies,field,South Africa
2009-06-14,England,137,7,India,137,5,India,field,England
2009-06-14,Ireland,135,9,Sri Lanka,135,7,Sri Lanka,bat,Sri Lanka
2009-06-15,England,154,6,West Indies,154,5,England,bat,West Indies
2009-06-15,Ireland,153,5,Pakistan,153,9,Pakistan,bat,Pakistan
2009-06-16,New Zealand,151,5,Sri Lanka,151,10,Sri Lanka,bat,Sri Lanka
2009-06-16,India,127,5,South Africa,127,8,South Africa,bat,South Africa
2009-06-18,Pakistan,144,4,South Africa,144,5,Pakistan,bat,Pakistan
2009-06-19,Sri Lanka,152,5,West Indies,152,10,West Indies,field,Sri Lanka
2009-06-21,Pakistan,132,6,Sri Lanka,132,2,Sri Lanka,bat,Pakistan
2009-08-02,West Indies,102,9,Bangladesh,102,5,Bangladesh,bat,West Indies
2009-08-12,Sri Lanka,164,5,Pakistan,164,10,Pakistan,bat,Pakistan
2009-08-30,England,136,4,Australia,136,2,England,field,NaN
2009-09-02,Sri Lanka,132,8,New Zealand,132,9,New Zealand,bat,New Zealand
2009-09-04,Sri Lanka,166,4,New Zealand,166,8,New Zealand,bat,New Zealand
2009-11-12,New Zealand,159,8,Pakistan,159,9,New Zealand,field,Pakistan
2009-11-13,South Africa,191,6,England,191,3,South Africa,field,England
2009-11-13,New Zealand,147,5,Pakistan,147,5,Pakistan,bat,Pakistan
2009-11-15,South Africa,235,6,England,235,8,South Africa,bat,South Africa
2009-12-09,India,209,5,Sri Lanka,209,9,India,field,Sri Lanka
2009-12-12,India,182,7,Sri Lanka,182,4,Sri Lanka,bat,India
2010-02-03,New Zealand,76,10,Bangladesh,76,0,Bangladesh,bat,New Zealand
2010-02-05,Australia,125,10,Pakistan,125,9,Australia,bat,Australia
2010-02-09,Canada,137,8,Netherlands,137,4,Canada,bat,Netherlands
2010-02-09,Afghanistan,130,8,Ireland,130,10,Ireland,field,Afghanistan
2010-02-10,Canada,132,9,Kenya,132,1,Kenya,field,Kenya
2010-02-11,Ireland,118,7,Scotland,118,10,Ireland,bat,Ireland
2010-02-12,Afghanistan,123,9,Netherlands,123,6,Netherlands,field,Netherlands
2010-02-13,Afghanistan,127,8,Ireland,127,2,Ireland,bat,Afghanistan
2010-02-13,Ireland,144,6,Netherlands,144,10,Ireland,bat,Ireland
2010-02-19,England,126,8,Pakistan,126,3,Pakistan,bat,England
2010-02-20,England,140,6,Pakistan,140,6,Pakistan,field,Pakistan
2010-02-21,Australia,176,8,West Indies,176,8,Australia,bat,Australia
2010-02-23,Australia,127,7,West Indies,127,2,West Indies,bat,Australia
2010-02-26,New Zealand,113,10,Australia,113,4,New Zealand,bat,Australia
2010-02-28,New Zealand,196,6,Australia,196,4,New Zealand,bat,NaN
2010-02-28,West Indies,91,10,Zimbabwe,91,7,Zimbabwe,bat,Zimbabwe
2010-04-30,New Zealand,131,6,Sri Lanka,131,8,Sri Lanka,bat,New Zealand
2010-04-30,West Indies,134,9,Ireland,134,10,West Indies,bat,West Indies
2010-05-01,Afghanistan,109,8,India,109,3,India,field,India
2010-05-01,Bangladesh,169,3,Pakistan,169,7,Pakistan,bat,Pakistan
2010-05-02,India,181,5,South Africa,181,5,South Africa,field,India
2010-05-02,Australia,189,10,Pakistan,189,10,Australia,bat,Australia
2010-05-03,Sri Lanka,159,7,Zimbabwe,159,1,Sri Lanka,bat,Sri Lanka
2010-05-03,West Indies,184,5,England,184,2,West Indies,field,West Indies
2010-05-04,England,113,8,Ireland,113,1,Ireland,field,NaN
2010-05-04,New Zealand,73,10,Zimbabwe,73,1,New Zealand,field,New Zealand
2010-05-05,Afghanistan,133,7,South Africa,133,10,Afghanistan,field,South Africa
2010-05-05,Australia,135,7,Bangladesh,135,10,Australia,bat,Australia
2010-05-06,New Zealand,162,4,South Africa,162,7,South Africa,bat,South Africa
2010-05-06,England,137,9,Pakistan,137,4,England,field,England
2010-05-07,West Indies,182,3,Sri Lanka,182,8,Sri Lanka,bat,Sri Lanka
2010-05-07,Australia,183,5,India,183,10,India,field,Australia
2010-05-08,New Zealand,118,7,Pakistan,118,7,Pakistan,field,New Zealand
2010-05-08,England,154,7,South Africa,154,10,England,bat,England
2010-05-09,Australia,163,5,Sri Lanka,163,10,Australia,bat,Australia
2010-05-09,West Indies,162,6,India,162,9,India,field,West Indies
2010-05-10,Pakistan,144,7,South Africa,144,7,Pakistan,bat,Pakistan
2010-05-10,England,141,6,New Zealand,141,7,New Zealand,bat,England
2010-05-11,India,154,5,Sri Lanka,154,5,India,bat,Sri Lanka
2010-05-11,West Indies,96,10,Australia,96,4,West Indies,bat,Australia
2010-05-13,England,119,6,Sri Lanka,119,3,Sri Lanka,bat,England
2010-05-14,Australia,171,6,Pakistan,171,7,Australia,field,Australia
2010-05-16,Australia,139,6,England,139,3,England,field,England
2010-05-19,West Indies,124,7,South Africa,124,10,West Indies,field,South Africa
2010-05-20,West Indies,112,7,South Africa,112,7,West Indies,field,South Africa
2010-05-22,New Zealand,115,7,Sri Lanka,115,10,New Zealand,bat,New Zealand
2010-05-23,New Zealand,78,10,Sri Lanka,78,3,New Zealand,bat,Sri Lanka
2010-06-12,Zimbabwe,105,9,India,105,4,India,field,India
2010-06-13,Zimbabwe,134,5,India,134,3,India,field,India
2010-07-05,Australia,149,8,Pakistan,149,10,Pakistan,bat,Pakistan
2010-07-06,Australia,149,9,Pakistan,149,10,Pakistan,bat,Pakistan
2010-09-05,England,124,4,Pakistan,124,5,England,field,England
2010-09-07,England,82,10,Pakistan,82,4,Pakistan,bat,England
2010-10-08,South Africa,158,4,Zimbabwe,158,3,Zimbabwe,bat,South Africa
2010-10-10,South Africa,187,6,Zimbabwe,187,7,South Africa,bat,South Africa
2010-10-26,Pakistan,110,10,South Africa,110,4,Pakistan,bat,South Africa
2010-10-27,Pakistan,113,9,South Africa,113,4,Pakistan,bat,South Africa
2010-10-31,Australia,127,8,Sri Lanka,127,3,Australia,bat,Sri Lanka
2010-12-26,New Zealand,139,9,Pakistan,139,5,New Zealand,field,New Zealand
2010-12-28,New Zealand,175,7,Pakistan,175,9,Pakistan,field,New Zealand
2010-12-30,New Zealand,179,6,Pakistan,179,10,Pakistan,bat,Pakistan
2011-01-09,South Africa,164,6,India,164,9,India,bat,India
2011-01-12,Australia,153,4,England,153,9,Australia,bat,England
2011-01-14,Australia,144,7,England,144,6,Australia,bat,Australia
2011-04-21,West Indies,144,7,Pakistan,144,9,West Indies,bat,West Indies
2011-06-04,West Indies,146,6,India,146,5,West Indies,field,India
2011-06-25,England,129,9,Sri Lanka,129,1,Sri Lanka,field,Sri Lanka
2011-08-06,Sri Lanka,185,3,Australia,185,8,Australia,field,Sri Lanka
2011-08-08,Sri Lanka,147,9,Australia,147,9,Sri Lanka,bat,Sri Lanka
2011-08-31,England,155,10,India,155,4,India,bat,England
2011-09-16,Zimbabwe,178,4,Pakistan,178,10,Zimbabwe,field,Pakistan
2011-09-18,Zimbabwe,134,7,Pakistan,134,7,Pakistan,bat,Pakistan
2011-09-23,England,122,10,West Indies,122,0,England,field,England
2011-09-25,England,110,5,West Indies,110,10,England,field,West Indies
2011-10-11,Bangladesh,122,8,West Indies,122,7,Bangladesh,field,Bangladesh
2011-10-13,South Africa,135,7,Australia,135,5,South Africa,bat,Australia
2011-10-15,Zimbabwe,119,8,New Zealand,119,0,New Zealand,field,New Zealand
2011-10-16,South Africa,140,8,Australia,140,7,Australia,bat,South Africa
2011-10-17,Zimbabwe,169,3,New Zealand,169,10,Zimbabwe,field,New Zealand
2011-10-29,India,118,9,England,118,4,India,bat,England
2011-11-25,Pakistan,125,10,Sri Lanka,125,5,Sri Lanka,bat,Pakistan
2011-11-29,Bangladesh,121,7,Pakistan,121,9,Pakistan,bat,Pakistan
2012-02-01,Australia,168,4,India,168,6,India,field,Australia
2012-02-03,Australia,127,10,India,127,2,Australia,bat,India
2012-02-11,New Zealand,156,8,Zimbabwe,156,3,Zimbabwe,bat,New Zealand
2012-02-14,New Zealand,198,2,Zimbabwe,198,5,Zimbabwe,bat,New Zealand
2012-02-17,New Zealand,140,6,South Africa,140,4,New Zealand,field,New Zealand
2012-02-19,New Zealand,164,4,South Africa,164,2,South Africa,field,South Africa
2012-02-22,New Zealand,162,7,South Africa,162,7,New Zealand,field,South Africa
2012-02-22,Kenya,105,10,Ireland,105,4,Ireland,field,Ireland
2012-02-23,England,132,6,Pakistan,132,6,England,field,Pakistan
2012-02-23,Kenya,117,7,Ireland,117,2,Kenya,bat,Ireland
2012-02-24,Kenya,97,9,Ireland,97,7,Ireland,bat,Ireland
2012-02-25,England,142,7,Pakistan,142,10,England,bat,England
2012-02-27,England,121,6,Pakistan,121,6,England,bat,England
2012-03-13,Canada,127,6,Netherlands,127,10,Netherlands,bat,Netherlands
2012-03-14,Ireland,53,10,Kenya,53,0,Kenya,bat,Ireland
2012-03-14,Afghanistan,138,6,Netherlands,138,6,Netherlands,bat,Afghanistan
2012-03-18,Afghanistan,165,8,Canada,165,9,Afghanistan,bat,Afghanistan
2012-03-18,Ireland,148,5,Scotland,148,7,Ireland,bat,Ireland
2012-03-22,Canada,98,8,Ireland,98,0,Canada,bat,Ireland
2012-03-23,Canada,112,8,Scotland,112,6,Canada,bat,Scotland
2012-03-23,Ireland,107,7,Netherlands,107,3,Ireland,field,Ireland
2012-03-24,Afghanistan,148,7,Ireland,148,5,Afghanistan,bat,Ireland
2012-03-27,West Indies,147,7,Australia,147,2,West Indies,bat,Australia
2012-03-30,South Africa,216,4,India,216,0,India,field,South Africa
2012-03-30,West Indies,149,10,Australia,149,9,West Indies,bat,West Indies
2012-06-01,Sri Lanka,124,7,Pakistan,124,10,Sri Lanka,bat,Sri Lanka
2012-06-03,Sri Lanka,117,6,Pakistan,117,10,Pakistan,bat,Pakistan
2012-06-24,England,159,4,West Indies,159,3,West Indies,bat,England
2012-06-30,New Zealand,189,2,West Indies,189,9,New Zealand,field,West Indies
2012-07-01,New Zealand,172,5,West Indies,172,10,West Indies,bat,West Indies
2012-07-18,Ireland,180,5,Bangladesh,180,8,Ireland,field,Bangladesh
2012-07-25,Netherlands,135,7,Bangladesh,135,2,Netherlands,bat,Bangladesh
2012-07-26,Netherlands,125,10,Bangladesh,125,9,Bangladesh,bat,Netherlands
2012-08-07,Sri Lanka,145,3,India,145,10,Sri Lanka,field,India
2012-09-05,Australia,80,10,Pakistan,80,3,Pakistan,field,Pakistan
2012-09-07,Australia,148,4,Pakistan,148,8,Pakistan,bat,NaN
2012-09-08,England,113,7,South Africa,113,3,South Africa,field,South Africa
2012-09-10,England,70,5,South Africa,70,2,England,field,NaN
2012-09-10,Australia,158,7,Pakistan,158,10,Pakistan,field,Australia
2012-09-11,India,164,5,New Zealand,164,4,India,field,New Zealand
2012-09-12,England,103,5,South Africa,103,5,South Africa,field,England
2012-09-18,Sri Lanka,162,4,Zimbabwe,162,10,Zimbabwe,field,Sri Lanka
2012-09-19,Afghanistan,143,5,India,143,10,Afghanistan,field,India
2012-09-19,Australia,119,7,Ireland,119,3,Ireland,bat,Australia
2012-09-20,South Africa,85,8,Zimbabwe,85,0,South Africa,field,South Africa
2012-09-21,Afghanistan,184,5,England,184,10,Afghanistan,field,England
2012-09-21,Bangladesh,183,3,New Zealand,183,8,Bangladesh,field,New Zealand
2012-09-22,Australia,178,8,West Indies,178,1,West Indies,bat,Australia
2012-09-22,Sri Lanka,75,4,South Africa,75,5,Sri Lanka,field,South Africa
2012-09-23,England,158,4,India,158,10,England,field,India
2012-09-23,New Zealand,171,6,Pakistan,171,9,Pakistan,bat,Pakistan
2012-09-24,Ireland,124,6,West Indies,124,0,West Indies,field,NaN
2012-09-25,Bangladesh,164,6,Pakistan,164,2,Bangladesh,bat,Pakistan
2012-09-27,Sri Lanka,165,7,New Zealand,165,6,New Zealand,bat,NaN
2012-09-27,England,170,5,West Indies,170,4,West Indies,bat,West Indies
2012-09-28,Pakistan,129,6,South Africa,129,8,South Africa,bat,Pakistan
2012-09-28,Australia,130,7,India,130,1,India,bat,Australia
2012-09-29,Sri Lanka,125,5,West Indies,125,1,West Indies,bat,Sri Lanka
2012-09-29,England,133,6,New Zealand,133,4,New Zealand,bat,England
2012-09-30,Australia,137,5,South Africa,137,2,Australia,field,Australia
2012-09-30,India,116,10,Pakistan,116,2,Pakistan,bat,India
2012-10-01,Sri Lanka,157,6,England,157,9,England,field,Sri Lanka
2012-10-01,New Zealand,129,10,West Indies,129,7,New Zealand,field,NaN
2012-10-02,Australia,144,6,Pakistan,144,7,Australia,field,Pakistan
2012-10-02,India,141,6,South Africa,141,10,South Africa,field,India
2012-10-04,Sri Lanka,131,4,Pakistan,131,7,Sri Lanka,bat,Sri Lanka
2012-10-05,Australia,186,4,West Indies,186,10,West Indies,bat,West Indies
2012-10-07,Sri Lanka,132,6,West Indies,132,10,West Indies,bat,West Indies
2012-10-30,Sri Lanka,67,7,New Zealand,67,0,Sri Lanka,field,NaN
2012-12-10,Bangladesh,189,4,West Indies,189,1,West Indies,bat,West Indies
2012-12-20,India,154,6,England,154,5,India,field,India
2012-12-21,South Africa,83,10,New Zealand,83,2,New Zealand,bat,South Africa
2012-12-22,India,160,8,England,160,4,England,field,England
2012-12-23,South Africa,161,5,New Zealand,161,2,New Zealand,field,New Zealand
2012-12-25,India,128,9,Pakistan,128,5,Pakistan,field,Pakistan
2012-12-26,South Africa,169,6,New Zealand,169,9,South Africa,bat,South Africa
2012-12-28,India,186,5,Pakistan,186,7,Pakistan,field,India
2013-01-26,Australia,133,3,Sri Lanka,133,5,Australia,bat,Sri Lanka
2013-01-28,Australia,147,4,Sri Lanka,147,3,Australia,field,Sri Lanka
2013-02-09,New Zealand,207,7,England,207,9,New Zealand,field,England
2013-02-12,New Zealand,182,6,England,182,10,England,field,New Zealand
2013-02-13,Australia,185,6,West Indies,185,8,West Indies,bat,West Indies
2013-02-15,New Zealand,134,8,England,134,0,England,field,England
2013-03-02,West Indies,122,8,Zimbabwe,122,2,Zimbabwe,bat,West Indies
2013-03-03,South Africa,184,7,Pakistan,184,10,Pakistan,bat,Pakistan
2013-03-03,West Indies,147,7,Zimbabwe,147,6,West Indies,bat,West Indies
2013-03-03,Afghanistan,129,7,Scotland,129,6,Afghanistan,bat,Afghanistan
2013-03-04,Afghanistan,122,7,Scotland,122,3,Scotland,bat,Afghanistan
2013-03-15,Canada,119,9,Kenya,119,5,Kenya,bat,Canada
2013-03-16,Canada,125,7,Kenya,125,10,Kenya,bat,Kenya
2013-03-31,Sri Lanka,172,5,Bangladesh,172,7,Bangladesh,field,Sri Lanka
2013-04-19,Kenya,167,5,Netherlands,167,5,Netherlands,bat,Kenya
2013-04-20,Kenya,108,10,Netherlands,108,3,Kenya,field,Kenya
2013-05-11,Zimbabwe,157,5,Bangladesh,157,8,Zimbabwe,bat,Zimbabwe
2013-05-12,Zimbabwe,153,7,Bangladesh,153,9,Bangladesh,bat,Bangladesh
2013-06-25,England,184,4,New Zealand,184,5,England,field,New Zealand
2013-06-27,England,2,1,New Zealand,2,0,New Zealand,field,NaN
2013-07-27,West Indies,141,7,Pakistan,141,8,West Indies,bat,Pakistan
2013-07-28,West Indies,126,7,Pakistan,126,9,Pakistan,bat,Pakistan
2013-08-02,Sri Lanka,108,6,South Africa,108,9,South Africa,bat,South Africa
2013-08-04,Sri Lanka,136,6,South Africa,136,7,South Africa,bat,South Africa
2013-08-06,Sri Lanka,153,3,South Africa,153,4,South Africa,bat,Sri Lanka
2013-08-23,Zimbabwe,148,5,Pakistan,148,5,Zimbabwe,field,Pakistan
2013-08-24,Zimbabwe,175,1,Pakistan,175,6,Zimbabwe,field,Pakistan
2013-08-29,England,244,6,Australia,244,6,England,field,Australia
2013-08-31,England,189,5,Australia,189,9,Australia,field,England
2013-09-30,Afghanistan,159,6,Kenya,159,10,Afghanistan,bat,Afghanistan
2013-10-10,India,195,7,Australia,195,4,India,field,India
2013-10-11,Afghanistan,137,4,Kenya,137,8,Kenya,bat,Kenya
2013-11-06,Bangladesh,195,5,New Zealand,195,9,New Zealand,bat,New Zealand
2013-11-13,Pakistan,92,9,South Africa,92,1,Pakistan,bat,South Africa
2013-11-15,Afghanistan,76,10,Netherlands,76,3,Afghanistan,bat,Netherlands
2013-11-15,Pakistan,145,5,South Africa,145,9,South Africa,bat,South Africa
2013-11-16,Afghanistan,163,6,Scotland,163,6,Afghanistan,bat,Afghanistan
2013-11-16,Canada,156,5,Ireland,156,3,Canada,field,Ireland
2013-11-19,Kenya,176,7,Scotland,176,10,Kenya,bat,Kenya
2013-11-20,South Africa,144,7,Pakistan,144,2,Pakistan,field,South Africa
2013-11-21,Sri Lanka,140,7,New Zealand,140,2,Sri Lanka,field,Sri Lanka
2013-11-22,South Africa,168,4,Pakistan,168,4,Pakistan,bat,Pakistan
2013-11-22,Netherlands,160,4,Scotland,160,6,Netherlands,field,Scotland
2013-11-23,Kenya,118,7,Netherlands,118,9,Netherlands,bat,Netherlands
2013-11-24,Afghanistan,140,9,Kenya,140,10,Afghanistan,bat,Afghanistan
2013-11-26,Canada,136,7,Kenya,136,10,Kenya,bat,Kenya
2013-11-28,Netherlands,137,6,Scotland,137,2,Scotland,bat,Netherlands
2013-11-30,Afghanistan,208,7,Ireland,208,10,Ireland,bat,Ireland
2013-12-08,Afghanistan,122,8,Pakistan,122,4,Afghanistan,bat,Pakistan
2013-12-11,Pakistan,140,5,Sri Lanka,140,7,Pakistan,field,Pakistan
2013-12-13,Pakistan,197,3,Sri Lanka,197,10,Pakistan,field,Sri Lanka
2014-01-11,New Zealand,182,5,West Indies,182,8,New Zealand,bat,New Zealand
2014-01-15,New Zealand,153,5,West Indies,153,6,West Indies,bat,New Zealand
2014-01-29,Australia,200,4,England,200,9,Australia,bat,Australia
2014-01-31,Australia,122,9,England,122,2,England,bat,Australia
2014-02-02,Australia,189,6,England,189,10,Australia,bat,Australia
2014-02-12,Bangladesh,158,7,Sri Lanka,158,7,Bangladesh,field,Sri Lanka
2014-02-14,Bangladesh,113,10,Sri Lanka,113,7,Bangladesh,bat,Sri Lanka
2014-02-19,West Indies,107,8,Ireland,107,4,West Indies,bat,Ireland
2014-02-21,West Indies,94,9,Ireland,94,8,Ireland,field,West Indies
2014-03-09,West Indies,166,3,England,166,9,West Indies,bat,West Indies
2014-03-11,West Indies,147,7,England,147,5,England,bat,West Indies
2014-03-12,South Africa,72,1,Australia,72,5,Australia,field,Australia
2014-03-13,West Indies,158,6,England,158,7,England,bat,England
2014-03-14,South Africa,121,7,Australia,121,4,Australia,field,Australia
2014-03-16,Hong Kong,139,8,Nepal,139,10,Hong Kong,field,Nepal
2014-03-16,Bangladesh,60,10,Afghanistan,60,1,Bangladesh,field,Bangladesh
2014-03-17,Netherlands,133,10,United Arab Emirates,133,4,United Arab Emirates,bat,Netherlands
2014-03-17,Ireland,157,5,Zimbabwe,157,7,Ireland,field,Ireland
2014-03-18,Bangladesh,114,5,Nepal,114,2,Bangladesh,field,Bangladesh
2014-03-18,Afghanistan,137,8,Hong Kong,137,3,Hong Kong,bat,Afghanistan
2014-03-19,Netherlands,129,5,Zimbabwe,129,5,Netherlands,bat,Zimbabwe
2014-03-19,Ireland,110,6,United Arab Emirates,110,4,Ireland,field,Ireland
2014-03-20,Afghanistan,130,5,Nepal,130,8,Afghanistan,field,Nepal
2014-03-20,Bangladesh,102,10,Hong Kong,102,8,Hong Kong,field,Hong Kong
2014-03-21,United Arab Emirates,111,9,Zimbabwe,111,5,Zimbabwe,field,Zimbabwe
2014-03-21,Ireland,181,4,Netherlands,181,4,Netherlands,field,Netherlands
2014-03-21,India,125,7,Pakistan,125,3,India,field,India
2014-03-22,England,162,6,New Zealand,162,1,New Zealand,field,New Zealand
2014-03-22,South Africa,155,7,Sri Lanka,155,8,Sri Lanka,bat,Sri Lanka
2014-03-23,Australia,174,5,Pakistan,174,10,Australia,field,Pakistan
2014-03-23,India,115,7,West Indies,115,3,India,field,India
2014-03-24,Netherlands,33,10,Sri Lanka,33,1,Sri Lanka,field,Sri Lanka
2014-03-24,New Zealand,169,6,South Africa,169,8,New Zealand,field,South Africa
2014-03-25,Bangladesh,152,7,West Indies,152,10,Bangladesh,field,West Indies
2014-03-27,Netherlands,140,9,South Africa,140,10,Netherlands,field,South Africa
2014-03-27,England,181,4,Sri Lanka,181,4,England,field,England
2014-03-28,Australia,163,8,West Indies,163,4,Australia,bat,West Indies
2014-03-28,Bangladesh,130,7,India,130,2,India,field,India
2014-03-29,Netherlands,136,4,New Zealand,136,4,New Zealand,field,New Zealand
2014-03-29,England,181,5,South Africa,181,7,England,field,South Africa
2014-03-30,Australia,142,7,India,142,10,Australia,field,India
2014-03-30,Bangladesh,177,5,Pakistan,177,7,Pakistan,bat,Pakistan
2014-03-31,England,116,5,Netherlands,116,10,England,field,Netherlands
2014-03-31,New Zealand,113,10,Sri Lanka,113,9,New Zealand,field,Sri Lanka
2014-04-01,Pakistan,157,6,West Indies,157,10,West Indies,bat,West Indies
2014-04-01,Bangladesh,138,5,Australia,138,3,Bangladesh,bat,Australia
2014-04-03,Sri Lanka,156,6,West Indies,156,4,Sri Lanka,bat,Sri Lanka
2014-04-04,India,164,4,South Africa,164,4,South Africa,bat,India
2014-04-06,India,124,4,Sri Lanka,124,4,Sri Lanka,field,Sri Lanka
2014-05-20,England,180,7,Sri Lanka,180,7,England,field,Sri Lanka
2014-07-05,West Indies,119,8,New Zealand,119,4,New Zealand,field,New Zealand
2014-07-06,West Indies,160,6,New Zealand,160,10,New Zealand,field,West Indies
2014-08-27,West Indies,30,0,Bangladesh,30,0,Bangladesh,bat,NaN
2014-09-07,England,176,7,India,176,5,England,bat,England
2014-10-05,Australia,76,9,Pakistan,76,4,Pakistan,bat,Australia
2014-11-05,Australia,138,6,South Africa,138,3,Australia,bat,South Africa
2014-11-07,Australia,100,7,South Africa,100,3,South Africa,bat,Australia
2014-11-09,Australia,142,6,South Africa,142,8,Australia,field,Australia
2014-11-24,Hong Kong,66,10,Nepal,66,8,Hong Kong,field,Hong Kong
2014-12-04,New Zealand,127,7,Pakistan,127,3,Pakistan,field,Pakistan
2014-12-05,New Zealand,134,8,Pakistan,134,10,Pakistan,field,New Zealand
2015-01-09,South Africa,160,4,West Indies,160,6,South Africa,bat,West Indies
2015-01-11,South Africa,220,7,West Indies,220,6,West Indies,field,West Indies
2015-01-14,South Africa,184,3,West Indies,184,10,West Indies,field,South Africa
2015-04-24,Bangladesh,130,5,Pakistan,130,3,Pakistan,bat,Bangladesh
2015-05-22,Pakistan,163,6,Zimbabwe,163,5,Zimbabwe,bat,Pakistan
2015-05-24,Pakistan,169,3,Zimbabwe,169,8,Zimbabwe,bat,Pakistan
2015-06-20,Ireland,159,6,Scotland,159,4,Scotland,field,Scotland
2015-06-23,England,181,7,New Zealand,181,10,England,bat,England
2015-07-01,Netherlands,159,4,Nepal,159,10,Nepal,field,Netherlands
2015-07-02,Netherlands,146,6,Nepal,146,9,Netherlands,bat,Netherlands
2015-07-05,Bangladesh,143,4,South Africa,143,10,South Africa,bat,South Africa
2015-07-07,Bangladesh,155,4,South Africa,155,10,South Africa,bat,South Africa
2015-07-09,Scotland,104,10,United Arab Emirates,104,1,Scotland,field,Scotland
2015-07-09,Afghanistan,156,7,Netherlands,156,10,Netherlands,field,Afghanistan
2015-07-10,Afghanistan,159,6,United Arab Emirates,159,2,United Arab Emirates,bat,Afghanistan
2015-07-11,Scotland,186,6,Netherlands,186,10,Netherlands,bat,Netherlands
2015-07-12,Scotland,204,5,Afghanistan,204,10,Afghanistan,bat,Afghanistan
2015-07-12,Netherlands,114,7,United Arab Emirates,114,3,Netherlands,field,Netherlands
2015-07-13,Nepal,48,10,Ireland,48,2,Ireland,field,Ireland
2015-07-15,Ireland,121,9,Papua New Guinea,121,8,Ireland,bat,Papua New Guinea
2015-07-15,Hong Kong,95,10,Nepal,95,5,Hong Kong,field,Hong Kong
2015-07-17,Nepal,84,10,Papua New Guinea,84,2,Papua New Guinea,field,Papua New Guinea
2015-07-17,Zimbabwe,153,5,India,153,7,India,bat,India
2015-07-17,Ireland,120,8,Hong Kong,120,8,Ireland,field,Hong Kong
2015-07-19,Zimbabwe,129,7,India,129,9,Zimbabwe,bat,Zimbabwe
2015-07-21,Afghanistan,156,7,Hong Kong,156,5,Afghanistan,bat,Hong Kong
2015-07-23,Afghanistan,109,6,Papua New Guinea,109,4,Papua New Guinea,bat,Afghanistan
2015-07-25,Ireland,125,10,Netherlands,125,5,Netherlands,field,Netherlands
2015-07-25,Hong Kong,112,10,Scotland,112,5,Scotland,field,Scotland
2015-07-25,Afghanistan,108,9,Oman,108,5,Afghanistan,field,Afghanistan
2015-07-30,Sri Lanka,165,5,Pakistan,165,7,Pakistan,bat,Pakistan
2015-08-01,Sri Lanka,162,7,Pakistan,162,9,Sri Lanka,bat,Pakistan
2015-08-09,Zimbabwe,193,5,New Zealand,193,8,Zimbabwe,field,New Zealand
2015-08-14,South Africa,145,8,New Zealand,145,4,South Africa,field,South Africa
2015-08-16,South Africa,171,7,New Zealand,171,8,New Zealand,bat,New Zealand
2015-08-31,England,174,5,Australia,174,8,Australia,field,England
2015-09-27,Zimbabwe,130,8,Pakistan,130,9,Pakistan,bat,Pakistan
2015-09-29,Zimbabwe,134,6,Pakistan,134,7,Pakistan,bat,Pakistan
2015-10-02,India,188,5,South Africa,188,3,South Africa,field,South Africa
2015-10-05,India,81,10,South Africa,81,4,South Africa,field,South Africa
2015-10-26,Zimbabwe,152,5,Afghanistan,152,4,Zimbabwe,bat,Afghanistan
2015-10-28,Zimbabwe,182,7,Afghanistan,182,5,Zimbabwe,bat,Afghanistan
2015-11-09,Sri Lanka,209,3,West Indies,209,10,West Indies,field,Sri Lanka
2015-11-11,Sri Lanka,149,6,West Indies,149,10,West Indies,bat,West Indies
2015-11-13,Bangladesh,122,10,Zimbabwe,122,6,Bangladesh,field,Bangladesh
2015-11-15,Bangladesh,122,9,Zimbabwe,122,7,Bangladesh,bat,Zimbabwe
2015-11-21,Hong Kong,100,9,Oman,100,4,Oman,field,Oman
2015-11-22,United Arab Emirates,122,8,Oman,122,3,United Arab Emirates,field,United Arab Emirates
2015-11-25,Hong Kong,125,6,Oman,125,10,Hong Kong,field,Oman
2015-11-26,England,156,5,Pakistan,156,10,England,bat,England
2015-11-26,Hong Kong,140,5,Oman,140,2,Hong Kong,field,Hong Kong
2015-11-27,England,165,8,Pakistan,165,8,England,bat,England
2015-11-30,Afghanistan,158,4,Oman,158,8,Oman,field,Afghanistan
2015-11-30,England,142,8,Pakistan,142,7,England,bat,NaN
2016-01-07,New Zealand,181,4,Sri Lanka,181,9,Sri Lanka,field,New Zealand
2016-01-08,Afghanistan,178,7,Zimbabwe,178,7,Afghanistan,bat,Afghanistan
2016-01-10,Afghanistan,196,6,Zimbabwe,196,10,Zimbabwe,field,Afghanistan
2016-01-10,New Zealand,137,8,Sri Lanka,137,1,New Zealand,field,New Zealand
2016-01-15,New Zealand,167,8,Pakistan,167,10,New Zealand,field,Pakistan
2016-01-15,Bangladesh,157,7,Zimbabwe,157,6,Zimbabwe,bat,Bangladesh
2016-01-17,Bangladesh,161,4,Zimbabwe,161,8,Bangladesh,bat,Bangladesh
2016-01-17,New Zealand,157,7,Pakistan,157,0,Pakistan,bat,New Zealand
2016-01-20,Bangladesh,182,6,Zimbabwe,182,6,Zimbabwe,bat,Zimbabwe
2016-01-22,Bangladesh,172,4,Zimbabwe,172,10,Zimbabwe,bat,Zimbabwe
2016-01-22,New Zealand,189,6,Pakistan,189,10,Pakistan,field,New Zealand
2016-01-26,Australia,178,3,India,178,10,Australia,field,India
2016-01-29,Australia,175,3,India,175,8,Australia,field,India
2016-01-30,Hong Kong,65,7,Scotland,65,1,Hong Kong,field,Hong Kong
2016-01-31,Hong Kong,153,9,Scotland,153,10,Hong Kong,field,Scotland
2016-01-31,Australia,189,5,India,189,3,Australia,bat,India
2016-02-03,United Arab Emirates,149,5,Netherlands,149,10,United Arab Emirates,field,Netherlands
2016-02-04,United Arab Emirates,141,8,Scotland,141,9,United Arab Emirates,bat,United Arab Emirates
2016-02-07,Ireland,93,5,Papua New Guinea,93,9,Papua New Guinea,field,Ireland
2016-02-09,Ireland,108,8,Papua New Guinea,108,10,Papua New Guinea,bat,Papua New Guinea
2016-02-09,India,90,10,Sri Lanka,90,5,Sri Lanka,field,Sri Lanka
2016-02-12,India,186,6,Sri Lanka,186,9,Sri Lanka,field,India
2016-02-14,India,76,10,Sri Lanka,76,1,India,field,India
2016-02-14,United Arab Emirates,127,8,Ireland,127,10,United Arab Emirates,field,Ireland
2016-02-16,United Arab Emirates,124,7,Ireland,124,9,United Arab Emirates,bat,United Arab Emirates
2016-02-19,Hong Kong,175,5,Oman,175,7,Oman,bat,Oman
2016-02-19,Afghanistan,165,4,United Arab Emirates,165,10,United Arab Emirates,bat,United Arab Emirates
2016-02-19,South Africa,127,8,England,127,7,South Africa,field,South Africa
2016-02-20,Afghanistan,155,4,Oman,155,7,Oman,bat,Afghanistan
2016-02-21,Hong Kong,138,7,United Arab Emirates,138,4,Hong Kong,bat,United Arab Emirates
2016-02-21,South Africa,162,10,England,162,1,South Africa,field,South Africa
2016-02-22,Oman,160,6,United Arab Emirates,160,8,Oman,field,United Arab Emirates
2016-02-22,Afghanistan,169,7,Hong Kong,169,10,Hong Kong,field,Afghanistan
2016-02-24,Bangladesh,160,6,India,160,7,Bangladesh,field,India
2016-02-25,Sri Lanka,124,8,United Arab Emirates,124,9,United Arab Emirates,field,Sri Lanka
2016-02-26,Bangladesh,128,8,United Arab Emirates,128,10,United Arab Emirates,field,Bangladesh
2016-02-27,India,68,10,Pakistan,68,5,India,field,India
2016-02-28,Bangladesh,143,7,Sri Lanka,143,8,Bangladesh,bat,Bangladesh
2016-02-29,Pakistan,120,6,United Arab Emirates,120,3,United Arab Emirates,bat,Pakistan
2016-03-01,India,128,9,Sri Lanka,128,5,India,field,India
2016-03-02,Bangladesh,129,7,Pakistan,129,5,Pakistan,bat,Bangladesh
2016-03-03,India,74,9,United Arab Emirates,74,1,United Arab Emirates,bat,India
2016-03-04,South Africa,152,9,Australia,152,7,Australia,bat,South Africa
2016-03-04,Pakistan,143,4,Sri Lanka,143,4,Pakistan,field,Pakistan
2016-03-06,Bangladesh,117,5,India,117,2,India,field,India
2016-03-06,South Africa,199,7,Australia,199,5,Australia,field,Australia
2016-03-08,Afghanistan,163,5,Scotland,163,5,Afghanistan,bat,Afghanistan
2016-03-08,Hong Kong,152,8,Zimbabwe,152,6,Hong Kong,field,Zimbabwe
2016-03-09,Ireland,147,5,Oman,147,8,Ireland,bat,Oman
2016-03-09,South Africa,173,4,Australia,173,4,South Africa,bat,Australia
2016-03-09,Bangladesh,146,7,Netherlands,146,7,Netherlands,field,Bangladesh
2016-03-10,Afghanistan,104,6,Hong Kong,104,4,Hong Kong,bat,Afghanistan
2016-03-10,Scotland,134,7,Zimbabwe,134,10,Zimbabwe,bat,Zimbabwe
2016-03-11,Bangladesh,80,2,Ireland,80,0,Ireland,field,NaN
2016-03-12,Afghanistan,161,6,Zimbabwe,161,10,Afghanistan,bat,Afghanistan
2016-03-12,Hong Kong,120,7,Scotland,120,2,Hong Kong,bat,Scotland
2016-03-13,Bangladesh,176,2,Oman,176,9,Oman,field,Bangladesh
2016-03-13,Ireland,51,5,Netherlands,51,7,Ireland,field,Netherlands
2016-03-15,India,113,7,New Zealand,113,10,New Zealand,bat,New Zealand
2016-03-16,England,170,6,West Indies,170,4,West Indies,field,West Indies
2016-03-16,Bangladesh,198,5,Pakistan,198,6,Pakistan,bat,Pakistan
2016-03-17,Afghanistan,146,7,Sri Lanka,146,4,Afghanistan,bat,Sri Lanka
2016-03-18,Australia,136,8,New Zealand,136,9,New Zealand,bat,New Zealand
2016-03-18,England,225,4,South Africa,225,8,England,field,England
2016-03-19,India,111,5,Pakistan,111,4,India,field,India
2016-03-20,Sri Lanka,109,9,West Indies,109,3,West Indies,field,West Indies
2016-03-20,Afghanistan,203,5,South Africa,203,10,South Africa,bat,South Africa
2016-03-21,Australia,146,5,Bangladesh,146,7,Australia,field,Australia
2016-03-22,New Zealand,173,5,Pakistan,173,5,New Zealand,bat,New Zealand
2016-03-23,Afghanistan,128,7,England,128,9,England,bat,England
2016-03-23,India,143,7,Bangladesh,143,9,Bangladesh,field,India
2016-03-25,Australia,180,4,Pakistan,180,8,Australia,bat,Australia
2016-03-25,South Africa,116,8,West Indies,116,7,West Indies,field,West Indies
2016-03-26,England,161,4,Sri Lanka,161,8,Sri Lanka,field,England
2016-03-26,Bangladesh,139,8,New Zealand,139,10,New Zealand,bat,New Zealand
2016-03-27,Afghanistan,120,7,West Indies,120,8,West Indies,field,Afghanistan
2016-03-27,India,146,6,Australia,146,4,Australia,bat,India
2016-03-28,South Africa,110,10,Sri Lanka,110,2,South Africa,field,South Africa
2016-03-30,England,142,8,New Zealand,142,3,England,field,England
2016-03-31,India,187,2,West Indies,187,3,West Indies,field,West Indies
2016-04-03,England,150,9,West Indies,150,6,West Indies,field,West Indies
2016-06-18,Zimbabwe,161,7,India,161,6,India,field,Zimbabwe
2016-06-20,Zimbabwe,90,9,India,90,0,Zimbabwe,bat,India
2016-06-22,Zimbabwe,134,6,India,134,6,Zimbabwe,field,India
2016-07-05,England,127,10,Sri Lanka,127,2,Sri Lanka,bat,England
2016-08-27,India,239,6,West Indies,239,4,India,field,West Indies
2016-08-28,India,134,10,West Indies,134,0,India,field,NaN
2016-09-05,Ireland,159,5,Hong Kong,159,10,Hong Kong,bat,Hong Kong
2016-09-06,Sri Lanka,254,3,Australia,254,9,Sri Lanka,field,Australia
2016-09-07,England,123,7,Pakistan,123,1,England,bat,Pakistan
2016-09-09,Sri Lanka,121,9,Australia,121,6,Sri Lanka,bat,Australia
2016-09-23,Pakistan,106,10,West Indies,106,1,Pakistan,field,Pakistan
2016-09-24,Pakistan,145,4,West Indies,145,9,West Indies,field,Pakistan
2016-09-27,Pakistan,99,5,West Indies,99,2,Pakistan,field,Pakistan
2016-12-14,United Arab Emirates,158,6,Afghanistan,158,7,Afghanistan,bat,Afghanistan
2016-12-16,United Arab Emirates,173,4,Afghanistan,173,5,United Arab Emirates,bat,Afghanistan
2016-12-18,United Arab Emirates,185,5,Afghanistan,185,8,Afghanistan,bat,Afghanistan
2017-01-03,New Zealand,123,8,Bangladesh,123,4,Bangladesh,bat,New Zealand
2017-01-06,New Zealand,187,7,Bangladesh,187,10,Bangladesh,field,New Zealand
2017-01-08,New Zealand,178,4,Bangladesh,178,6,Bangladesh,field,New Zealand
2017-01-14,Hong Kong,173,3,Scotland,173,6,Scotland,bat,Scotland
2017-01-14,Afghanistan,118,6,Ireland,118,5,Ireland,bat,Afghanistan
2017-01-15,Netherlands,129,7,Oman,129,5,Oman,bat,Netherlands
2017-01-16,Hong Kong,84,10,Oman,84,3,Oman,field,Oman
2017-01-16,United Arab Emirates,133,7,Afghanistan,133,5,Afghanistan,field,Afghanistan
2017-01-17,Netherlands,142,7,Scotland,142,10,Netherlands,field,Scotland
2017-01-18,United Arab Emirates,148,6,Ireland,148,7,Ireland,bat,Ireland
2017-01-18,Hong Kong,165,4,Netherlands,165,10,Hong Kong,bat,Hong Kong
2017-01-19,Oman,115,10,Scotland,115,3,Oman,bat,Scotland
2017-01-20,Afghanistan,64,10,Ireland,64,0,Ireland,bat,Afghanistan
2017-01-20,South Africa,119,5,Sri Lanka,119,6,Sri Lanka,field,South Africa
2017-01-20,Afghanistan,138,8,Oman,138,2,Afghanistan,field,Afghanistan
2017-01-20,Ireland,205,6,Scotland,205,10,Scotland,field,Ireland
2017-01-22,South Africa,108,10,Sri Lanka,108,7,South Africa,bat,Sri Lanka
2017-01-25,South Africa,165,5,Sri Lanka,165,5,South Africa,bat,Sri Lanka
2017-01-26,India,136,7,England,136,3,England,field,England
2017-01-29,India,140,8,England,140,6,England,field,India
2017-02-01,India,186,6,England,186,10,England,field,India
2017-02-17,New Zealand,174,6,South Africa,174,10,New Zealand,field,South Africa
2017-02-17,Australia,161,6,Sri Lanka,161,5,Sri Lanka,field,Sri Lanka
2017-02-19,Australia,165,10,Sri Lanka,165,8,Sri Lanka,field,Sri Lanka
2017-02-22,Australia,179,6,Sri Lanka,179,10,Sri Lanka,field,Australia
2017-03-08,Afghanistan,161,5,Ireland,161,4,Ireland,bat,Afghanistan
2017-03-10,Afghanistan,177,8,Ireland,177,9,Afghanistan,bat,Afghanistan
2017-03-12,Afghanistan,220,8,Ireland,220,10,Ireland,field,Afghanistan
2017-03-26,West Indies,104,8,Pakistan,104,4,Pakistan,field,Pakistan
2017-03-30,West Indies,131,10,Pakistan,131,8,West Indies,field,Pakistan
2017-04-01,West Indies,127,8,Pakistan,127,3,Pakistan,bat,West Indies
2017-04-02,West Indies,121,8,Pakistan,121,3,Pakistan,field,Pakistan
2017-04-04,Sri Lanka,138,6,Bangladesh,138,4,Bangladesh,bat,Sri Lanka
2017-04-06,Sri Lanka,169,9,Bangladesh,169,10,Bangladesh,bat,Bangladesh
2017-04-12,United Arab Emirates,96,10,Papua New Guinea,96,5,United Arab Emirates,field,United Arab Emirates
2017-04-14,United Arab Emirates,167,3,Papua New Guinea,167,10,Papua New Guinea,field,United Arab Emirates
2017-04-14,United Arab Emirates,121,5,Papua New Guinea,121,5,Papua New Guinea,bat,United Arab Emirates
2017-06-02,West Indies,101,10,Afghanistan,101,4,Afghanistan,bat,West Indies
2017-06-03,West Indies,101,3,Afghanistan,101,10,West Indies,bat,West Indies
2017-06-05,West Indies,136,6,Afghanistan,136,3,Afghanistan,bat,West Indies
2017-06-21,England,141,3,South Africa,141,1,South Africa,bat,England
2017-06-23,England,169,8,South Africa,169,6,England,field,South Africa
2017-06-25,England,167,8,South Africa,167,7,South Africa,field,England
2017-07-09,West Indies,178,6,India,178,1,West Indies,field,West Indies
2019-01-11,New Zealand,161,7,Sri Lanka,161,10,Sri Lanka,field,New Zealand
2019-01-31,United Arab Emirates,148,6,Nepal,148,7,Nepal,field,United Arab Emirates
2019-02-01,South Africa,186,6,Pakistan,186,9,Pakistan,field,South Africa
2019-02-01,United Arab Emirates,99,10,Nepal,99,6,United Arab Emirates,bat,Nepal
2019-02-03,United Arab Emirates,101,8,Nepal,101,8,United Arab Emirates,field,Nepal
2019-02-03,South Africa,176,3,Pakistan,176,7,Pakistan,field,South Africa
2019-02-06,New Zealand,213,6,India,213,10,India,field,New Zealand
2019-02-06,South Africa,157,9,Pakistan,157,9,South Africa,field,Pakistan
2019-02-08,New Zealand,149,8,India,149,3,New Zealand,bat,India
2019-02-10,New Zealand,205,4,India,205,6,India,field,New Zealand
2019-02-13,Netherlands,148,7,Scotland,148,3,Netherlands,field,Netherlands
2019-02-13,Oman,157,5,Ireland,157,9,Oman,field,Ireland
2019-02-15,Oman,160,4,Netherlands,160,2,Netherlands,field,Netherlands
2019-02-15,Ireland,177,7,Scotland,177,4,Scotland,field,Scotland
2019-02-17,Oman,101,10,Scotland,101,3,Scotland,field,Scotland
2019-02-17,Ireland,169,9,Netherlands,169,9,Ireland,field,Ireland
2019-02-21,Afghanistan,125,6,Ireland,125,5,Ireland,bat,Afghanistan
2019-02-23,Afghanistan,260,3,Ireland,260,6,Afghanistan,bat,Afghanistan
2019-02-24,India,115,7,Australia,115,7,Australia,field,Australia
2019-02-24,Afghanistan,196,7,Ireland,196,8,Ireland,field,Afghanistan
2019-02-27,India,182,4,Australia,182,3,Australia,field,Australia
2019-03-05,West Indies,149,8,England,149,6,England,field,England
2019-03-08,West Indies,178,6,England,178,10,West Indies,field,England
2019-03-10,West Indies,69,10,England,69,2,West Indies,bat,England
2019-03-15,United Arab Emirates,141,7,United States of America,141,2,United Arab Emirates,field,NaN
2019-03-16,United Arab Emirates,176,7,United States of America,176,6,United Arab Emirates,bat,United Arab Emirates
2019-03-19,South Africa,126,7,Sri Lanka,126,8,South Africa,field,NaN
2019-03-22,Papua New Guinea,120,6,Vanuatu,120,2,Vanuatu,bat,Papua New Guinea
2019-03-22,Papua New Guinea,208,4,Philippines,208,8,Philippines,field,Papua New Guinea
2019-03-22,South Africa,174,3,Sri Lanka,174,9,Sri Lanka,field,South Africa
2019-03-23,Philippines,141,6,Vanuatu,141,7,Vanuatu,bat,Vanuatu
2019-03-23,Papua New Guinea,193,2,Philippines,193,2,Papua New Guinea,bat,NaN
2019-03-24,South Africa,192,2,Sri Lanka,192,10,Sri Lanka,field,South Africa
2019-03-24,Philippines,44,3,Vanuatu,44,2,Vanuatu,field,Philippines
2019-03-24,Papua New Guinea,51,8,Vanuatu,51,0,Vanuatu,bat,Papua New Guinea
2019-05-05,England,167,6,Pakistan,167,3,Pakistan,bat,England
2019-05-20,Uganda,132,7,Botswana,132,10,Botswana,field,Uganda
2019-05-20,Ghana,85,7,Namibia,85,1,Namibia,field,Namibia
2019-05-21,Ghana,135,5,Kenya,135,10,Ghana,field,Kenya
2019-05-21,Uganda,163,7,Namibia,163,8,Namibia,bat,Namibia
2019-05-21,Botswana,109,10,Nigeria,109,7,Nigeria,bat,Nigeria
2019-05-22,Botswana,40,10,Namibia,40,0,Botswana,bat,Namibia
2019-05-22,Ghana,122,8,Nigeria,122,8,Ghana,field,Nigeria
2019-05-22,Uganda,136,6,Kenya,136,9,Kenya,bat,Kenya
2019-05-23,Uganda,110,6,Ghana,110,3,Ghana,bat,Uganda
2019-05-25,Germany,124,6,Italy,124,4,Italy,field,Italy
2019-06-15,Guernsey,111,10,Germany,111,5,Germany,field,Germany
2019-06-16,Jersey,141,5,Norway,141,10,Jersey,bat,Jersey
2019-06-16,Denmark,121,9,Jersey,121,8,Denmark,field,Jersey
2019-06-16,Guernsey,114,10,Italy,114,8,Guernsey,field,Italy
2019-06-17,Denmark,132,7,Norway,132,9,Denmark,bat,Denmark
2019-06-18,Guernsey,96,9,Denmark,96,0,Guernsey,field,NaN
2019-06-19,Italy,145,6,Jersey,145,10,Italy,field,Jersey
2019-06-19,Guernsey,92,6,Norway,92,6,Guernsey,field,Guernsey
2019-06-19,Denmark,101,8,Germany,101,3,Germany,field,Germany
2019-06-20,Germany,128,5,Jersey,128,7,Germany,field,Germany
2019-06-20,Guernsey,105,7,Denmark,105,9,Denmark,field,Guernsey
2019-06-20,Denmark,153,9,Italy,153,10,Denmark,bat,Denmark
2019-06-20,Germany,95,10,Norway,95,3,Germany,field,Germany
2019-06-23,Netherlands,186,6,Zimbabwe,186,10,Zimbabwe,field,Netherlands
2019-06-24,Malaysia,110,8,Thailand,110,5,Malaysia,field,Malaysia
2019-06-25,Netherlands,149,8,Zimbabwe,149,10,Netherlands,bat,NaN
2019-06-26,Maldives,124,7,Thailand,124,8,Thailand,bat,Maldives
2019-06-27,Malaysia,115,7,Thailand,115,2,Thailand,bat,Malaysia
2019-06-28,Malaysia,120,5,Maldives,120,0,Malaysia,bat,NaN
2019-06-29,Maldives,146,6,Thailand,146,5,Thailand,field,Thailand
2019-07-12,Ireland,129,8,Zimbabwe,129,1,Ireland,field,Ireland
2019-07-13,Malaysia,125,9,Nepal,125,3,Malaysia,bat,Nepal
2019-07-14,Ireland,164,9,Zimbabwe,164,2,Zimbabwe,field,Zimbabwe
2019-07-14,Malaysia,167,6,Nepal,167,7,Nepal,bat,Nepal
2019-07-22,Singapore,171,7,Qatar,171,9,Singapore,bat,Singapore
2019-07-22,Kuwait,156,10,Malaysia,156,10,Malaysia,bat,Malaysia
2019-07-23,Nepal,120,10,Qatar,120,6,Nepal,bat,Qatar
2019-07-24,Malaysia,77,7,Nepal,77,3,Nepal,field,Nepal
2019-07-26,Kuwait,194,7,Qatar,194,5,Qatar,field,Kuwait
2019-07-26,Singapore,88,10,Malaysia,88,2,Malaysia,bat,Singapore
2019-07-27,Kuwait,137,9,Nepal,137,3,Nepal,field,Nepal
2019-07-27,Malaysia,139,10,Qatar,139,6,Malaysia,bat,Qatar
2019-07-28,Singapore,186,6,Nepal,186,10,Singapore,bat,Singapore
2019-08-03,India,87,9,West Indies,87,6,India,field,India
2019-08-04,India,157,5,West Indies,157,4,India,bat,India
2019-08-05,Netherlands,126,9,United Arab Emirates,126,5,United Arab Emirates,field,United Arab Emirates
2019-08-06,West Indies,138,6,India,138,3,India,field,India
2019-08-08,Netherlands,142,6,United Arab Emirates,142,3,Netherlands,bat,United Arab Emirates
2019-08-18,Bermuda,132,7,United States of America,132,7,Bermuda,bat,Bermuda
2019-08-18,Canada,191,6,Cayman Islands,191,7,Canada,bat,Canada
2019-08-19,Cayman Islands,55,8,United States of America,55,5,United States of America,field,United States of America
2019-08-19,Bermuda,74,9,Canada,74,0,Bermuda,bat,NaN
2019-08-19,Namibia,192,4,Botswana,192,7,Botswana,field,Namibia
2019-08-20,Namibia,235,3,Botswana,235,2,Botswana,field,Namibia
2019-08-21,Canada,134,6,United States of America,134,6,United States of America,bat,Canada
2019-08-21,Bermuda,102,9,Cayman Islands,102,4,Cayman Islands,bat,Bermuda
2019-08-22,United States of America,120,9,Bermuda,120,6,Bermuda,field,Bermuda
2019-08-22,Canada,80,7,Cayman Islands,80,2,Canada,field,Canada
2019-08-22,Namibia,165,8,Botswana,165,10,Namibia,bat,Namibia
2019-08-23,Namibia,83,8,Botswana,83,2,Botswana,bat,Namibia
2019-08-24,Cayman Islands,60,9,United States of America,60,1,Cayman Islands,bat,United States of America
2019-08-25,Canada,170,8,United States of America,170,8,United States of America,field,Canada
2019-08-25,Bermuda,112,10,Cayman Islands,112,4,Cayman Islands,bat,Bermuda
2019-09-01,Sri Lanka,165,4,New Zealand,165,5,Sri Lanka,bat,New Zealand
2019-09-03,Sri Lanka,157,9,New Zealand,157,6,Sri Lanka,bat,New Zealand
2019-09-06,Sri Lanka,112,8,New Zealand,112,10,Sri Lanka,bat,Sri Lanka
2019-09-13,Bangladesh,138,5,Zimbabwe,138,7,Bangladesh,field,Bangladesh
2019-09-14,Afghanistan,191,5,Zimbabwe,191,7,Zimbabwe,field,Afghanistan
2019-09-15,Bangladesh,146,6,Afghanistan,146,10,Afghanistan,bat,Afghanistan
2019-09-16,Netherlands,238,3,Scotland,238,7,Netherlands,field,Scotland
2019-09-17,Ireland,184,7,Scotland,184,6,Scotland,bat,Ireland
2019-09-18,Bangladesh,168,7,Zimbabwe,168,10,Zimbabwe,field,Bangladesh
2019-09-18,Ireland,169,7,Netherlands,169,4,Ireland,bat,Netherlands
2019-09-18,India,144,5,South Africa,144,3,India,field,India
2019-09-19,Netherlands,114,10,Scotland,114,4,Netherlands,bat,Scotland
2019-09-20,Afghanistan,148,8,Zimbabwe,148,3,Afghanistan,bat,Zimbabwe
2019-09-21,Bangladesh,132,7,Afghanistan,132,6,Bangladesh,field,Bangladesh
2019-09-22,India,119,9,South Africa,119,1,India,bat,South Africa
2019-09-27,Nepal,125,6,Zimbabwe,125,5,Nepal,bat,Zimbabwe
2019-09-28,Singapore,145,3,Nepal,145,1,Singapore,bat,Nepal
2019-09-29,Singapore,173,9,Zimbabwe,173,7,Singapore,bat,Singapore
2019-09-29,Malaysia,144,5,Vanuatu,144,9,Vanuatu,bat,Vanuatu
2019-10-01,Nepal,145,6,Zimbabwe,145,9,Nepal,field,Zimbabwe
2019-10-02,Malaysia,184,6,Vanuatu,184,7,Vanuatu,bat,Vanuatu
2019-10-02,Malaysia,125,8,Vanuatu,125,10,Malaysia,bat,Malaysia
2019-10-03,Malaysia,130,7,Vanuatu,130,4,Malaysia,bat,Vanuatu
2019-10-03,Singapore,155,7,Zimbabwe,155,2,Zimbabwe,field,Zimbabwe
2019-10-04,Malaysia,190,5,Vanuatu,190,9,Malaysia,bat,Malaysia
2019-10-05,Pakistan,153,5,Sri Lanka,153,10,Pakistan,field,Sri Lanka
2019-10-05,Ireland,164,7,Netherlands,164,4,Ireland,field,Ireland
2019-10-06,Hong Kong,117,6,Nepal,117,6,Nepal,field,Nepal
2019-10-06,Oman,156,9,Ireland,156,10,Ireland,field,Oman
2019-10-07,Hong Kong,203,5,Ireland,203,9,Ireland,bat,Ireland
2019-10-07,Nepal,128,10,Netherlands,128,6,Nepal,field,Nepal
2019-10-07,Pakistan,171,6,Sri Lanka,171,10,Sri Lanka,bat,Sri Lanka
2019-10-09,Ireland,140,8,Nepal,140,10,Ireland,bat,Ireland
2019-10-09,Pakistan,133,7,Sri Lanka,133,6,Sri Lanka,bat,Sri Lanka
2019-10-09,Oman,92,10,Netherlands,92,3,Netherlands,bat,Oman
2019-10-10,Hong Kong,181,4,Netherlands,181,7,Hong Kong,field,Netherlands
2019-10-10,Oman,62,10,Nepal,62,4,Oman,field,Oman
2019-10-18,Kenya,157,4,Netherlands,157,8,Netherlands,bat,Netherlands
2019-10-18,Hong Kong,141,5,Ireland,141,2,Hong Kong,bat,Ireland
2019-10-18,Scotland,149,6,Singapore,149,9,Scotland,field,Singapore
2019-10-18,United Arab Emirates,104,9,Oman,104,3,Oman,field,Oman
2019-10-19,Jersey,176,4,Nigeria,176,7,Jersey,bat,Jersey
2019-10-19,Namibia,125,6,Netherlands,125,10,Netherlands,bat,Netherlands
2019-10-19,Kenya,168,6,Scotland,168,8,Scotland,bat,Scotland
2019-10-19,United Arab Emirates,121,10,Ireland,121,5,United Arab Emirates,field,United Arab Emirates
2019-10-19,Bermuda,87,10,Papua New Guinea,87,0,Papua New Guinea,field,Papua New Guinea
2019-10-20,Canada,169,5,Jersey,169,10,Jersey,field,Canada
2019-10-20,Bermuda,134,7,Singapore,134,5,Bermuda,bat,Singapore
2019-10-20,Namibia,183,7,Papua New Guinea,183,10,Papua New Guinea,bat,Papua New Guinea
2019-10-20,Hong Kong,99,10,Oman,99,3,Oman,field,Oman
2019-10-21,Papua New Guinea,137,6,Scotland,137,9,Scotland,bat,Scotland
2019-10-21,United Arab Emirates,112,7,Hong Kong,112,2,Hong Kong,bat,United Arab Emirates
2019-10-21,Ireland,180,3,Oman,180,9,Oman,field,Ireland
2019-10-21,Canada,159,7,Nigeria,159,8,Canada,bat,Canada
2019-10-21,Bermuda,130,4,Kenya,130,10,Kenya,bat,Kenya
2019-10-22,Namibia,156,6,Scotland,156,8,Namibia,bat,Namibia
2019-10-22,United Arab Emirates,143,10,Jersey,143,10,Jersey,bat,Jersey
2019-10-22,Netherlands,94,10,Singapore,94,5,Singapore,bat,Netherlands
2019-10-23,Canada,153,5,Ireland,153,7,Canada,bat,Canada
2019-10-23,Kenya,153,9,Singapore,153,3,Singapore,bat,Kenya
2019-10-23,Bermuda,101,9,Namibia,101,4,Namibia,field,Namibia
2019-10-23,Nigeria,67,10,Oman,67,3,Nigeria,bat,Oman
2019-10-23,Hong Kong,134,7,Jersey,134,6,Hong Kong,bat,Hong Kong
2019-10-24,United Arab Emirates,103,3,Nigeria,103,5,United Arab Emirates,field,United Arab Emirates
2019-10-24,Canada,139,7,Hong Kong,139,9,Hong Kong,bat,Hong Kong
2019-10-24,Netherlands,119,7,Papua New Guinea,119,5,Netherlands,bat,Papua New Guinea
2019-10-24,Bermuda,194,4,Scotland,194,8,Bermuda,field,Scotland
2019-10-25,Papua New Guinea,162,4,Singapore,162,9,Singapore,field,Papua New Guinea
2019-10-25,Ireland,96,10,Jersey,96,2,Ireland,field,Ireland
2019-10-25,Canada,138,9,Oman,138,2,Canada,bat,Oman
2019-10-25,Spain,82,7,Portugal,82,2,Spain,field,Spain
2019-10-25,Kenya,170,5,Namibia,170,10,Namibia,bat,Namibia
2019-10-26,Spain,117,6,Portugal,117,10,Portugal,field,Spain
2019-10-26,Spain,86,6,Gibraltar,86,2,Spain,field,Spain
2019-10-26,Namibia,183,8,Singapore,183,10,Singapore,field,Namibia
2019-10-26,Bermuda,196,3,Netherlands,196,9,Netherlands,bat,Netherlands
2019-10-26,Gibraltar,104,6,Portugal,104,4,Gibraltar,bat,Portugal
2019-10-26,Ireland,64,9,Nigeria,64,2,Nigeria,bat,Ireland
2019-10-27,Kenya,105,10,Papua New Guinea,105,10,Kenya,field,Papua New Guinea
2019-10-27,Netherlands,125,8,Scotland,125,6,Netherlands,field,Netherlands
2019-10-27,Jersey,134,7,Oman,134,9,Oman,field,Jersey
2019-10-27,Spain,75,10,Gibraltar,75,4,Spain,field,Spain
2019-10-27,United Arab Emirates,148,5,Canada,148,5,Canada,field,United Arab Emirates
2019-10-27,Hong Kong,79,8,Nigeria,79,5,Nigeria,bat,Hong Kong
2019-10-27,Australia,227,2,Sri Lanka,227,9,Sri Lanka,field,Australia
2019-10-29,Namibia,160,7,Oman,160,10,Namibia,bat,Namibia
2019-10-29,United Arab Emirates,75,9,Netherlands,75,2,United Arab Emirates,bat,Netherlands
2019-10-30,Australia,113,10,Sri Lanka,113,1,Sri Lanka,bat,Australia
2019-10-30,Hong Kong,125,7,Oman,125,9,Oman,bat,Oman
2019-10-30,United Arab Emirates,192,6,Scotland,192,10,Scotland,bat,Scotland
2019-10-31,Oman,153,7,Scotland,153,5,Oman,bat,Scotland
2019-11-01,Australia,133,6,Sri Lanka,133,3,Australia,field,Australia
2019-11-01,New Zealand,149,5,England,149,3,England,field,England
2019-11-01,Namibia,126,5,Papua New Guinea,126,5,Papua New Guinea,bat,Papua New Guinea
2019-11-01,Ireland,147,4,Netherlands,147,9,Ireland,field,Netherlands
2019-11-02,Ireland,134,10,Namibia,134,10,Ireland,bat,Ireland
2019-11-02,Netherlands,116,8,Papua New Guinea,116,3,Papua New Guinea,bat,Netherlands
2019-11-03,India,144,6,Bangladesh,144,3,Bangladesh,field,Bangladesh
2019-11-03,Australia,106,5,Pakistan,106,0,Australia,field,NaN
2019-11-03,New Zealand,171,8,England,171,10,England,field,New Zealand
2019-11-05,Australia,149,6,Pakistan,149,3,Pakistan,bat,Australia
2019-11-05,New Zealand,164,7,England,164,7,New Zealand,bat,New Zealand
2019-11-07,India,147,6,Bangladesh,147,2,India,field,India
2019-11-08,New Zealand,233,3,England,233,10,New Zealand,field,England
2019-11-08,Australia,101,8,Pakistan,101,0,Australia,field,Australia
2019-11-10,India,172,5,Bangladesh,172,10,Bangladesh,field,India
2019-11-10,New Zealand,145,5,England,145,7,England,field,NaN
2019-11-14,Afghanistan,159,5,West Indies,159,9,Afghanistan,field,West Indies
2019-11-16,Afghanistan,138,7,West Indies,138,8,Afghanistan,bat,Afghanistan
2019-11-17,Afghanistan,141,8,West Indies,141,7,Afghanistan,bat,Afghanistan
2019-12-05,Nepal,219,3,Bhutan,219,6,Bhutan,field,Nepal
2019-12-06,Nepal,156,7,Maldives,156,6,Nepal,bat,Nepal
2019-12-06,India,201,5,West Indies,201,4,India,field,India
2019-12-07,Bhutan,99,7,Maldives,99,2,Maldives,field,Maldives
2019-12-08,India,152,7,West Indies,152,2,West Indies,field,West Indies
2019-12-09,Nepal,89,9,Maldives,89,5,Nepal,field,Nepal
2019-12-11,India,232,3,West Indies,232,8,West Indies,field,India
2020-01-07,India,136,9,Sri Lanka,136,3,India,field,India
2020-01-10,India,195,6,Sri Lanka,195,10,Sri Lanka,field,India
2020-01-15,West Indies,193,7,Ireland,193,7,Ireland,bat,Ireland
2020-01-18,West Indies,143,9,Ireland,143,1,West Indies,field,NaN
2020-01-19,West Indies,131,10,Ireland,131,1,West Indies,field,West Indies
2020-01-24,New Zealand,197,5,India,197,4,India,field,India
2020-01-24,Pakistan,134,5,Bangladesh,134,5,Bangladesh,bat,Pakistan
2020-01-25,Pakistan,128,6,Bangladesh,128,1,Bangladesh,bat,Pakistan
2020-01-26,New Zealand,127,5,India,127,3,New Zealand,bat,India
2020-01-29,New Zealand,174,5,India,174,6,New Zealand,field,NaN
2020-01-31,New Zealand,153,8,India,153,7,New Zealand,field,NaN
2020-02-02,New Zealand,156,4,India,156,9,India,bat,India
2020-02-12,South Africa,165,8,England,165,9,England,field,South Africa
2020-02-14,South Africa,198,7,England,198,7,South Africa,field,England
2020-02-16,South Africa,208,6,England,208,5,South Africa,bat,England
2020-02-20,Malaysia,115,3,Hong Kong,115,8,Malaysia,bat,Malaysia
2020-02-21,South Africa,182,6,Australia,182,10,South Africa,field,Australia
2020-02-21,Malaysia,129,6,Hong Kong,129,8,Malaysia,bat,Malaysia
2020-02-23,South Africa,154,4,Australia,154,6,South Africa,bat,South Africa
2020-02-23,Malaysia,142,9,Hong Kong,142,7,Malaysia,bat,Malaysia
2020-02-24,Malaysia,157,7,Hong Kong,157,7,Malaysia,bat,Malaysia
2020-02-25,Iran,89,8,Kuwait,89,2,Kuwait,field,Kuwait
2020-02-25,Bahrain,92,9,Qatar,92,4,Qatar,bat,Bahrain
2020-02-25,Saudi Arabia,146,10,United Arab Emirates,146,7,United Arab Emirates,bat,United Arab Emirates
2020-02-25,Oman,120,7,Maldives,120,0,Oman,field,Oman
2020-02-26,Qatar,109,10,United Arab Emirates,109,10,United Arab Emirates,bat,United Arab Emirates
2020-02-26,South Africa,179,5,Australia,179,10,South Africa,field,Australia
2020-02-26,Malaysia,170,7,Hong Kong,170,4,Hong Kong,bat,Malaysia
2020-02-26,Kuwait,203,4,Bahrain,203,10,Bahrain,field,Kuwait
2020-02-27,Kuwait,189,5,United Arab Emirates,189,7,Kuwait,field,United Arab Emirates
2020-02-29,Thailand,128,7,Singapore,128,10,Thailand,field,Singapore
2020-03-01,Hong Kong,148,6,Nepal,148,10,Nepal,field,Hong Kong
2020-03-01,Thailand,78,9,Malaysia,78,2,Thailand,bat,Malaysia
2020-03-03,Thailand,61,8,Hong Kong,61,2,Thailand,bat,Hong Kong
2020-03-03,Malaysia,232,3,Singapore,232,10,Singapore,bat,Singapore
2020-03-04,Hong Kong,157,5,Singapore,157,8,Singapore,bat,Singapore
2020-03-04,Sri Lanka,186,4,West Indies,186,10,West Indies,bat,West Indies
2020-03-04,Thailand,49,10,Nepal,49,1,Thailand,bat,Nepal
2020-03-06,Sri Lanka,134,6,West Indies,134,3,West Indies,field,West Indies
2020-03-06,Hong Kong,118,6,Malaysia,118,4,Malaysia,bat,Hong Kong
2020-03-06,Afghanistan,170,6,Ireland,170,5,Ireland,bat,Afghanistan
2020-03-08,Spain,168,3,Germany,168,6,Spain,field,Germany
2020-03-08,Afghanistan,168,4,Ireland,168,6,Afghanistan,bat,Afghanistan
2020-03-08,Spain,120,7,Germany,120,1,Spain,field,Spain
2020-03-09,Bangladesh,193,3,Zimbabwe,193,10,Zimbabwe,field,Bangladesh
2020-03-10,Afghanistan,136,8,Ireland,136,7,Ireland,bat,NaN
2020-03-11,Bangladesh,118,7,Zimbabwe,118,1,Bangladesh,field,Bangladesh
